pred_file,gt_file,psnr,ssim
frankfurt_frankfurt_000000_000294_leftImg8bit_AOD-Net.jpg,frankfurt_frankfurt_000000_000294_leftImg8bit.png,16.6207,0.830074
frankfurt_frankfurt_000000_000576_leftImg8bit_AOD-Net.jpg,frankfurt_frankfurt_000000_000576_leftImg8bit.png,12.9771,0.774008
frankfurt_frankfurt_000000_001016_leftImg8bit_AOD-Net.jpg,frankfurt_frankfurt_000000_001016_leftImg8bit.png,19.9364,0.837499
frankfurt_frankfurt_000000_001236_leftImg8bit_AOD-Net.jpg,frankfurt_frankfurt_000000_001236_leftImg8bit.png,12.1112,0.756573
frankfurt_frankfurt_000000_001751_leftImg8bit_AOD-Net.jpg,frankfurt_frankfurt_000000_001751_leftImg8bit.png,14.0621,0.802838
frankfurt_frankfurt_000000_002196_leftImg8bit_AOD-Net.jpg,frankfurt_frankfurt_000000_002196_leftImg8bit.png,14.5430,0.779777
frankfurt_frankfurt_000000_002963_leftImg8bit_AOD-Net.jpg,frankfurt_frankfurt_000000_002963_leftImg8bit.png,13.0196,0.758935
frankfurt_frankfurt_000000_003025_leftImg8bit_AOD-Net.jpg,frankfurt_frankfurt_000000_003025_leftImg8bit.png,11.8945,0.749402
frankfurt_frankfurt_000000_003357_leftImg8bit_AOD-Net.jpg,frankfurt_frankfurt_000000_003357_leftImg8bit.png,12.0629,0.733587
frankfurt_frankfurt_000000_003920_leftImg8bit_AOD-Net.jpg,frankfurt_frankfurt_000000_003920_leftImg8bit.png,12.2277,0.683142
frankfurt_frankfurt_000000_004617_leftImg8bit_AOD-Net.jpg,frankfurt_frankfurt_000000_004617_leftImg8bit.png,10.9963,0.653613
frankfurt_frankfurt_000000_005543_leftImg8bit_AOD-Net.jpg,frankfurt_frankfurt_000000_005543_leftImg8bit.png,12.9438,0.753337
frankfurt_frankfurt_000000_005898_leftImg8bit_AOD-Net.jpg,frankfurt_frankfurt_000000_005898_leftImg8bit.png,9.4688,0.659529
frankfurt_frankfurt_000000_006589_leftImg8bit_AOD-Net.jpg,frankfurt_frankfurt_000000_006589_leftImg8bit.png,11.6312,0.774168
frankfurt_frankfurt_000000_007365_leftImg8bit_AOD-Net.jpg,frankfurt_frankfurt_000000_007365_leftImg8bit.png,12.1362,0.752268
frankfurt_frankfurt_000000_008206_leftImg8bit_AOD-Net.jpg,frankfurt_frankfurt_000000_008206_leftImg8bit.png,10.8323,0.670899
frankfurt_frankfurt_000000_008451_leftImg8bit_AOD-Net.jpg,frankfurt_frankfurt_000000_008451_leftImg8bit.png,10.5085,0.667237
frankfurt_frankfurt_000000_009291_leftImg8bit_AOD-Net.jpg,frankfurt_frankfurt_000000_009291_leftImg8bit.png,11.8997,0.738299
frankfurt_frankfurt_000000_009561_leftImg8bit_AOD-Net.jpg,frankfurt_frankfurt_000000_009561_leftImg8bit.png,15.2608,0.750104
frankfurt_frankfurt_000000_009688_leftImg8bit_AOD-Net.jpg,frankfurt_frankfurt_000000_009688_leftImg8bit.png,14.8790,0.673858
frankfurt_frankfurt_000000_009969_leftImg8bit_AOD-Net.jpg,frankfurt_frankfurt_000000_009969_leftImg8bit.png,8.2547,0.645219
frankfurt_frankfurt_000000_010351_leftImg8bit_AOD-Net.jpg,frankfurt_frankfurt_000000_010351_leftImg8bit.png,12.6046,0.627413
frankfurt_frankfurt_000000_010763_leftImg8bit_AOD-Net.jpg,frankfurt_frankfurt_000000_010763_leftImg8bit.png,13.3054,0.715608
frankfurt_frankfurt_000000_011007_leftImg8bit_AOD-Net.jpg,frankfurt_frankfurt_000000_011007_leftImg8bit.png,12.1417,0.730214
frankfurt_frankfurt_000000_011074_leftImg8bit_AOD-Net.jpg,frankfurt_frankfurt_000000_011074_leftImg8bit.png,14.8462,0.837059
frankfurt_frankfurt_000000_011461_leftImg8bit_AOD-Net.jpg,frankfurt_frankfurt_000000_011461_leftImg8bit.png,12.4501,0.718583
frankfurt_frankfurt_000000_011810_leftImg8bit_AOD-Net.jpg,frankfurt_frankfurt_000000_011810_leftImg8bit.png,10.7555,0.689168
frankfurt_frankfurt_000000_012009_leftImg8bit_AOD-Net.jpg,frankfurt_frankfurt_000000_012009_leftImg8bit.png,14.4171,0.742194
frankfurt_frankfurt_000000_012121_leftImg8bit_AOD-Net.jpg,frankfurt_frankfurt_000000_012121_leftImg8bit.png,13.5398,0.732297
frankfurt_frankfurt_000000_012868_leftImg8bit_AOD-Net.jpg,frankfurt_frankfurt_000000_012868_leftImg8bit.png,13.8059,0.747982
frankfurt_frankfurt_000000_013067_leftImg8bit_AOD-Net.jpg,frankfurt_frankfurt_000000_013067_leftImg8bit.png,11.6977,0.760701
frankfurt_frankfurt_000000_013240_leftImg8bit_AOD-Net.jpg,frankfurt_frankfurt_000000_013240_leftImg8bit.png,16.0792,0.804643
frankfurt_frankfurt_000000_013382_leftImg8bit_AOD-Net.jpg,frankfurt_frankfurt_000000_013382_leftImg8bit.png,14.3674,0.757027
frankfurt_frankfurt_000000_013942_leftImg8bit_AOD-Net.jpg,frankfurt_frankfurt_000000_013942_leftImg8bit.png,10.9703,0.675398
frankfurt_frankfurt_000000_014480_leftImg8bit_AOD-Net.jpg,frankfurt_frankfurt_000000_014480_leftImg8bit.png,12.1410,0.725625
frankfurt_frankfurt_000000_015389_leftImg8bit_AOD-Net.jpg,frankfurt_frankfurt_000000_015389_leftImg8bit.png,11.2595,0.720764
frankfurt_frankfurt_000000_015676_leftImg8bit_AOD-Net.jpg,frankfurt_frankfurt_000000_015676_leftImg8bit.png,12.4215,0.694411
frankfurt_frankfurt_000000_016005_leftImg8bit_AOD-Net.jpg,frankfurt_frankfurt_000000_016005_leftImg8bit.png,11.5530,0.707802
frankfurt_frankfurt_000000_016286_leftImg8bit_AOD-Net.jpg,frankfurt_frankfurt_000000_016286_leftImg8bit.png,10.7268,0.731699
frankfurt_frankfurt_000000_017228_leftImg8bit_AOD-Net.jpg,frankfurt_frankfurt_000000_017228_leftImg8bit.png,11.0495,0.678532
frankfurt_frankfurt_000000_017476_leftImg8bit_AOD-Net.jpg,frankfurt_frankfurt_000000_017476_leftImg8bit.png,11.7334,0.707107
frankfurt_frankfurt_000000_018797_leftImg8bit_AOD-Net.jpg,frankfurt_frankfurt_000000_018797_leftImg8bit.png,15.0897,0.743323
frankfurt_frankfurt_000000_019607_leftImg8bit_AOD-Net.jpg,frankfurt_frankfurt_000000_019607_leftImg8bit.png,12.7369,0.776897
frankfurt_frankfurt_000000_020215_leftImg8bit_AOD-Net.jpg,frankfurt_frankfurt_000000_020215_leftImg8bit.png,14.1032,0.772857
frankfurt_frankfurt_000000_020321_leftImg8bit_AOD-Net.jpg,frankfurt_frankfurt_000000_020321_leftImg8bit.png,13.4485,0.738670
frankfurt_frankfurt_000000_020880_leftImg8bit_AOD-Net.jpg,frankfurt_frankfurt_000000_020880_leftImg8bit.png,13.3678,0.787793
frankfurt_frankfurt_000000_021667_leftImg8bit_AOD-Net.jpg,frankfurt_frankfurt_000000_021667_leftImg8bit.png,9.8724,0.731852
frankfurt_frankfurt_000000_021879_leftImg8bit_AOD-Net.jpg,frankfurt_frankfurt_000000_021879_leftImg8bit.png,9.3876,0.727935
frankfurt_frankfurt_000000_022254_leftImg8bit_AOD-Net.jpg,frankfurt_frankfurt_000000_022254_leftImg8bit.png,12.7599,0.756397
frankfurt_frankfurt_000000_022797_leftImg8bit_AOD-Net.jpg,frankfurt_frankfurt_000000_022797_leftImg8bit.png,13.9442,0.746533
frankfurt_frankfurt_000001_000538_leftImg8bit_AOD-Net.jpg,frankfurt_frankfurt_000001_000538_leftImg8bit.png,14.1912,0.772723
frankfurt_frankfurt_000001_001464_leftImg8bit_AOD-Net.jpg,frankfurt_frankfurt_000001_001464_leftImg8bit.png,12.5379,0.788167
frankfurt_frankfurt_000001_002512_leftImg8bit_AOD-Net.jpg,frankfurt_frankfurt_000001_002512_leftImg8bit.png,10.8825,0.751243
frankfurt_frankfurt_000001_002646_leftImg8bit_AOD-Net.jpg,frankfurt_frankfurt_000001_002646_leftImg8bit.png,9.4331,0.720178
frankfurt_frankfurt_000001_002759_leftImg8bit_AOD-Net.jpg,frankfurt_frankfurt_000001_002759_leftImg8bit.png,9.9201,0.727143
frankfurt_frankfurt_000001_003056_leftImg8bit_AOD-Net.jpg,frankfurt_frankfurt_000001_003056_leftImg8bit.png,11.5970,0.774853
frankfurt_frankfurt_000001_003588_leftImg8bit_AOD-Net.jpg,frankfurt_frankfurt_000001_003588_leftImg8bit.png,11.7332,0.766855
frankfurt_frankfurt_000001_004327_leftImg8bit_AOD-Net.jpg,frankfurt_frankfurt_000001_004327_leftImg8bit.png,12.9701,0.736192
frankfurt_frankfurt_000001_004736_leftImg8bit_AOD-Net.jpg,frankfurt_frankfurt_000001_004736_leftImg8bit.png,11.1763,0.740197
frankfurt_frankfurt_000001_004859_leftImg8bit_AOD-Net.jpg,frankfurt_frankfurt_000001_004859_leftImg8bit.png,11.1769,0.748607
frankfurt_frankfurt_000001_005184_leftImg8bit_AOD-Net.jpg,frankfurt_frankfurt_000001_005184_leftImg8bit.png,13.0534,0.750826
frankfurt_frankfurt_000001_005410_leftImg8bit_AOD-Net.jpg,frankfurt_frankfurt_000001_005410_leftImg8bit.png,11.8817,0.760071
frankfurt_frankfurt_000001_005703_leftImg8bit_AOD-Net.jpg,frankfurt_frankfurt_000001_005703_leftImg8bit.png,12.2382,0.763794
frankfurt_frankfurt_000001_005898_leftImg8bit_AOD-Net.jpg,frankfurt_frankfurt_000001_005898_leftImg8bit.png,13.2527,0.716460
frankfurt_frankfurt_000001_007285_leftImg8bit_AOD-Net.jpg,frankfurt_frankfurt_000001_007285_leftImg8bit.png,11.1406,0.701342
frankfurt_frankfurt_000001_007407_leftImg8bit_AOD-Net.jpg,frankfurt_frankfurt_000001_007407_leftImg8bit.png,14.8398,0.784175
frankfurt_frankfurt_000001_007622_leftImg8bit_AOD-Net.jpg,frankfurt_frankfurt_000001_007622_leftImg8bit.png,12.7358,0.743185
frankfurt_frankfurt_000001_007857_leftImg8bit_AOD-Net.jpg,frankfurt_frankfurt_000001_007857_leftImg8bit.png,11.3324,0.724476
frankfurt_frankfurt_000001_007973_leftImg8bit_AOD-Net.jpg,frankfurt_frankfurt_000001_007973_leftImg8bit.png,10.4872,0.677649
frankfurt_frankfurt_000001_008200_leftImg8bit_AOD-Net.jpg,frankfurt_frankfurt_000001_008200_leftImg8bit.png,12.3302,0.764660
frankfurt_frankfurt_000001_008688_leftImg8bit_AOD-Net.jpg,frankfurt_frankfurt_000001_008688_leftImg8bit.png,13.1493,0.773642
frankfurt_frankfurt_000001_009058_leftImg8bit_AOD-Net.jpg,frankfurt_frankfurt_000001_009058_leftImg8bit.png,14.2607,0.758608
frankfurt_frankfurt_000001_009504_leftImg8bit_AOD-Net.jpg,frankfurt_frankfurt_000001_009504_leftImg8bit.png,13.5417,0.756450
frankfurt_frankfurt_000001_009854_leftImg8bit_AOD-Net.jpg,frankfurt_frankfurt_000001_009854_leftImg8bit.png,13.4683,0.766119
frankfurt_frankfurt_000001_010156_leftImg8bit_AOD-Net.jpg,frankfurt_frankfurt_000001_010156_leftImg8bit.png,16.1881,0.782768
frankfurt_frankfurt_000001_010444_leftImg8bit_AOD-Net.jpg,frankfurt_frankfurt_000001_010444_leftImg8bit.png,15.9963,0.745891
frankfurt_frankfurt_000001_010600_leftImg8bit_AOD-Net.jpg,frankfurt_frankfurt_000001_010600_leftImg8bit.png,14.6614,0.758105
frankfurt_frankfurt_000001_010830_leftImg8bit_AOD-Net.jpg,frankfurt_frankfurt_000001_010830_leftImg8bit.png,15.0838,0.761098
frankfurt_frankfurt_000001_011162_leftImg8bit_AOD-Net.jpg,frankfurt_frankfurt_000001_011162_leftImg8bit.png,14.5411,0.767241
frankfurt_frankfurt_000001_011715_leftImg8bit_AOD-Net.jpg,frankfurt_frankfurt_000001_011715_leftImg8bit.png,14.2949,0.759547
frankfurt_frankfurt_000001_011835_leftImg8bit_AOD-Net.jpg,frankfurt_frankfurt_000001_011835_leftImg8bit.png,13.9471,0.780375
frankfurt_frankfurt_000001_012038_leftImg8bit_AOD-Net.jpg,frankfurt_frankfurt_000001_012038_leftImg8bit.png,14.3948,0.790827
frankfurt_frankfurt_000001_012519_leftImg8bit_AOD-Net.jpg,frankfurt_frankfurt_000001_012519_leftImg8bit.png,19.2852,0.821241
frankfurt_frankfurt_000001_012699_leftImg8bit_AOD-Net.jpg,frankfurt_frankfurt_000001_012699_leftImg8bit.png,18.1708,0.834032
frankfurt_frankfurt_000001_012738_leftImg8bit_AOD-Net.jpg,frankfurt_frankfurt_000001_012738_leftImg8bit.png,18.1738,0.829051
frankfurt_frankfurt_000001_012870_leftImg8bit_AOD-Net.jpg,frankfurt_frankfurt_000001_012870_leftImg8bit.png,16.3149,0.785868
frankfurt_frankfurt_000001_013016_leftImg8bit_AOD-Net.jpg,frankfurt_frankfurt_000001_013016_leftImg8bit.png,15.5136,0.799676
frankfurt_frankfurt_000001_013496_leftImg8bit_AOD-Net.jpg,frankfurt_frankfurt_000001_013496_leftImg8bit.png,11.4829,0.762884
frankfurt_frankfurt_000001_013710_leftImg8bit_AOD-Net.jpg,frankfurt_frankfurt_000001_013710_leftImg8bit.png,12.3027,0.781221
frankfurt_frankfurt_000001_014221_leftImg8bit_AOD-Net.jpg,frankfurt_frankfurt_000001_014221_leftImg8bit.png,12.6904,0.807759
frankfurt_frankfurt_000001_014406_leftImg8bit_AOD-Net.jpg,frankfurt_frankfurt_000001_014406_leftImg8bit.png,12.3200,0.815680
frankfurt_frankfurt_000001_014565_leftImg8bit_AOD-Net.jpg,frankfurt_frankfurt_000001_014565_leftImg8bit.png,18.2733,0.838663
frankfurt_frankfurt_000001_014741_leftImg8bit_AOD-Net.jpg,frankfurt_frankfurt_000001_014741_leftImg8bit.png,14.1468,0.788723
frankfurt_frankfurt_000001_015091_leftImg8bit_AOD-Net.jpg,frankfurt_frankfurt_000001_015091_leftImg8bit.png,14.3674,0.761843
frankfurt_frankfurt_000001_015328_leftImg8bit_AOD-Net.jpg,frankfurt_frankfurt_000001_015328_leftImg8bit.png,12.2796,0.811382
frankfurt_frankfurt_000001_015768_leftImg8bit_AOD-Net.jpg,frankfurt_frankfurt_000001_015768_leftImg8bit.png,15.3622,0.776171
frankfurt_frankfurt_000001_016029_leftImg8bit_AOD-Net.jpg,frankfurt_frankfurt_000001_016029_leftImg8bit.png,17.3296,0.811919
frankfurt_frankfurt_000001_016273_leftImg8bit_AOD-Net.jpg,frankfurt_frankfurt_000001_016273_leftImg8bit.png,12.6518,0.809505
frankfurt_frankfurt_000001_016462_leftImg8bit_AOD-Net.jpg,frankfurt_frankfurt_000001_016462_leftImg8bit.png,10.0412,0.718594
frankfurt_frankfurt_000001_017101_leftImg8bit_AOD-Net.jpg,frankfurt_frankfurt_000001_017101_leftImg8bit.png,13.1320,0.748313
frankfurt_frankfurt_000001_017459_leftImg8bit_AOD-Net.jpg,frankfurt_frankfurt_000001_017459_leftImg8bit.png,16.6461,0.824166
frankfurt_frankfurt_000001_017842_leftImg8bit_AOD-Net.jpg,frankfurt_frankfurt_000001_017842_leftImg8bit.png,12.9732,0.723744
frankfurt_frankfurt_000001_018113_leftImg8bit_AOD-Net.jpg,frankfurt_frankfurt_000001_018113_leftImg8bit.png,14.1108,0.762185
frankfurt_frankfurt_000001_019698_leftImg8bit_AOD-Net.jpg,frankfurt_frankfurt_000001_019698_leftImg8bit.png,11.4686,0.751302
frankfurt_frankfurt_000001_019854_leftImg8bit_AOD-Net.jpg,frankfurt_frankfurt_000001_019854_leftImg8bit.png,11.6749,0.718640
frankfurt_frankfurt_000001_019969_leftImg8bit_AOD-Net.jpg,frankfurt_frankfurt_000001_019969_leftImg8bit.png,13.8517,0.795463
frankfurt_frankfurt_000001_020046_leftImg8bit_AOD-Net.jpg,frankfurt_frankfurt_000001_020046_leftImg8bit.png,11.2329,0.736340
frankfurt_frankfurt_000001_020287_leftImg8bit_AOD-Net.jpg,frankfurt_frankfurt_000001_020287_leftImg8bit.png,11.6965,0.737932
frankfurt_frankfurt_000001_020693_leftImg8bit_AOD-Net.jpg,frankfurt_frankfurt_000001_020693_leftImg8bit.png,12.2067,0.731449
frankfurt_frankfurt_000001_021406_leftImg8bit_AOD-Net.jpg,frankfurt_frankfurt_000001_021406_leftImg8bit.png,15.1843,0.833455
frankfurt_frankfurt_000001_021825_leftImg8bit_AOD-Net.jpg,frankfurt_frankfurt_000001_021825_leftImg8bit.png,11.5218,0.731620
frankfurt_frankfurt_000001_023235_leftImg8bit_AOD-Net.jpg,frankfurt_frankfurt_000001_023235_leftImg8bit.png,16.1384,0.818319
frankfurt_frankfurt_000001_023369_leftImg8bit_AOD-Net.jpg,frankfurt_frankfurt_000001_023369_leftImg8bit.png,18.2433,0.829391
frankfurt_frankfurt_000001_023769_leftImg8bit_AOD-Net.jpg,frankfurt_frankfurt_000001_023769_leftImg8bit.png,12.5780,0.806187
frankfurt_frankfurt_000001_024927_leftImg8bit_AOD-Net.jpg,frankfurt_frankfurt_000001_024927_leftImg8bit.png,11.0955,0.717040
frankfurt_frankfurt_000001_025512_leftImg8bit_AOD-Net.jpg,frankfurt_frankfurt_000001_025512_leftImg8bit.png,10.7034,0.666142
frankfurt_frankfurt_000001_025713_leftImg8bit_AOD-Net.jpg,frankfurt_frankfurt_000001_025713_leftImg8bit.png,11.1750,0.681869
frankfurt_frankfurt_000001_025921_leftImg8bit_AOD-Net.jpg,frankfurt_frankfurt_000001_025921_leftImg8bit.png,11.6647,0.702537
frankfurt_frankfurt_000001_027325_leftImg8bit_AOD-Net.jpg,frankfurt_frankfurt_000001_027325_leftImg8bit.png,15.4873,0.767160
frankfurt_frankfurt_000001_028232_leftImg8bit_AOD-Net.jpg,frankfurt_frankfurt_000001_028232_leftImg8bit.png,11.3736,0.690410
frankfurt_frankfurt_000001_028335_leftImg8bit_AOD-Net.jpg,frankfurt_frankfurt_000001_028335_leftImg8bit.png,13.9439,0.748063
frankfurt_frankfurt_000001_028590_leftImg8bit_AOD-Net.jpg,frankfurt_frankfurt_000001_028590_leftImg8bit.png,13.2205,0.710807
frankfurt_frankfurt_000001_028854_leftImg8bit_AOD-Net.jpg,frankfurt_frankfurt_000001_028854_leftImg8bit.png,13.1605,0.750596
frankfurt_frankfurt_000001_029086_leftImg8bit_AOD-Net.jpg,frankfurt_frankfurt_000001_029086_leftImg8bit.png,14.7508,0.763349
frankfurt_frankfurt_000001_029236_leftImg8bit_AOD-Net.jpg,frankfurt_frankfurt_000001_029236_leftImg8bit.png,15.4014,0.794887
frankfurt_frankfurt_000001_029600_leftImg8bit_AOD-Net.jpg,frankfurt_frankfurt_000001_029600_leftImg8bit.png,15.3389,0.718700
frankfurt_frankfurt_000001_030067_leftImg8bit_AOD-Net.jpg,frankfurt_frankfurt_000001_030067_leftImg8bit.png,12.3807,0.747353
frankfurt_frankfurt_000001_030310_leftImg8bit_AOD-Net.jpg,frankfurt_frankfurt_000001_030310_leftImg8bit.png,13.7514,0.731174
frankfurt_frankfurt_000001_030669_leftImg8bit_AOD-Net.jpg,frankfurt_frankfurt_000001_030669_leftImg8bit.png,12.9753,0.733593
frankfurt_frankfurt_000001_031266_leftImg8bit_AOD-Net.jpg,frankfurt_frankfurt_000001_031266_leftImg8bit.png,13.7732,0.791070
frankfurt_frankfurt_000001_031416_leftImg8bit_AOD-Net.jpg,frankfurt_frankfurt_000001_031416_leftImg8bit.png,14.4520,0.786787
frankfurt_frankfurt_000001_032018_leftImg8bit_AOD-Net.jpg,frankfurt_frankfurt_000001_032018_leftImg8bit.png,15.0245,0.789577
frankfurt_frankfurt_000001_032556_leftImg8bit_AOD-Net.jpg,frankfurt_frankfurt_000001_032556_leftImg8bit.png,13.5052,0.775543
frankfurt_frankfurt_000001_032711_leftImg8bit_AOD-Net.jpg,frankfurt_frankfurt_000001_032711_leftImg8bit.png,15.9454,0.794377
frankfurt_frankfurt_000001_032942_leftImg8bit_AOD-Net.jpg,frankfurt_frankfurt_000001_032942_leftImg8bit.png,15.6686,0.782125
frankfurt_frankfurt_000001_033655_leftImg8bit_AOD-Net.jpg,frankfurt_frankfurt_000001_033655_leftImg8bit.png,14.9944,0.776006
frankfurt_frankfurt_000001_034047_leftImg8bit_AOD-Net.jpg,frankfurt_frankfurt_000001_034047_leftImg8bit.png,12.4545,0.684838
frankfurt_frankfurt_000001_034816_leftImg8bit_AOD-Net.jpg,frankfurt_frankfurt_000001_034816_leftImg8bit.png,15.8751,0.823411
frankfurt_frankfurt_000001_035144_leftImg8bit_AOD-Net.jpg,frankfurt_frankfurt_000001_035144_leftImg8bit.png,11.7211,0.755075
frankfurt_frankfurt_000001_035864_leftImg8bit_AOD-Net.jpg,frankfurt_frankfurt_000001_035864_leftImg8bit.png,12.5241,0.679868
frankfurt_frankfurt_000001_037705_leftImg8bit_AOD-Net.jpg,frankfurt_frankfurt_000001_037705_leftImg8bit.png,13.8645,0.674304
frankfurt_frankfurt_000001_038245_leftImg8bit_AOD-Net.jpg,frankfurt_frankfurt_000001_038245_leftImg8bit.png,12.9994,0.759839
frankfurt_frankfurt_000001_038418_leftImg8bit_AOD-Net.jpg,frankfurt_frankfurt_000001_038418_leftImg8bit.png,13.6726,0.801475
frankfurt_frankfurt_000001_038645_leftImg8bit_AOD-Net.jpg,frankfurt_frankfurt_000001_038645_leftImg8bit.png,10.8887,0.661837
frankfurt_frankfurt_000001_038844_leftImg8bit_AOD-Net.jpg,frankfurt_frankfurt_000001_038844_leftImg8bit.png,14.8060,0.749594
frankfurt_frankfurt_000001_039895_leftImg8bit_AOD-Net.jpg,frankfurt_frankfurt_000001_039895_leftImg8bit.png,10.9283,0.719237
frankfurt_frankfurt_000001_040575_leftImg8bit_AOD-Net.jpg,frankfurt_frankfurt_000001_040575_leftImg8bit.png,12.3759,0.666848
frankfurt_frankfurt_000001_040732_leftImg8bit_AOD-Net.jpg,frankfurt_frankfurt_000001_040732_leftImg8bit.png,12.4401,0.685753
frankfurt_frankfurt_000001_041074_leftImg8bit_AOD-Net.jpg,frankfurt_frankfurt_000001_041074_leftImg8bit.png,11.7362,0.730969
frankfurt_frankfurt_000001_041354_leftImg8bit_AOD-Net.jpg,frankfurt_frankfurt_000001_041354_leftImg8bit.png,11.9954,0.705347
frankfurt_frankfurt_000001_041517_leftImg8bit_AOD-Net.jpg,frankfurt_frankfurt_000001_041517_leftImg8bit.png,13.2617,0.762104
frankfurt_frankfurt_000001_041664_leftImg8bit_AOD-Net.jpg,frankfurt_frankfurt_000001_041664_leftImg8bit.png,10.8341,0.694985
frankfurt_frankfurt_000001_042098_leftImg8bit_AOD-Net.jpg,frankfurt_frankfurt_000001_042098_leftImg8bit.png,12.7469,0.703350
frankfurt_frankfurt_000001_042384_leftImg8bit_AOD-Net.jpg,frankfurt_frankfurt_000001_042384_leftImg8bit.png,12.8809,0.714024
frankfurt_frankfurt_000001_042733_leftImg8bit_AOD-Net.jpg,frankfurt_frankfurt_000001_042733_leftImg8bit.png,12.6992,0.767857
frankfurt_frankfurt_000001_043395_leftImg8bit_AOD-Net.jpg,frankfurt_frankfurt_000001_043395_leftImg8bit.png,11.8565,0.734596
frankfurt_frankfurt_000001_043564_leftImg8bit_AOD-Net.jpg,frankfurt_frankfurt_000001_043564_leftImg8bit.png,12.5693,0.730255
frankfurt_frankfurt_000001_044227_leftImg8bit_AOD-Net.jpg,frankfurt_frankfurt_000001_044227_leftImg8bit.png,13.5643,0.803413
frankfurt_frankfurt_000001_044413_leftImg8bit_AOD-Net.jpg,frankfurt_frankfurt_000001_044413_leftImg8bit.png,14.0151,0.743106
frankfurt_frankfurt_000001_044525_leftImg8bit_AOD-Net.jpg,frankfurt_frankfurt_000001_044525_leftImg8bit.png,11.8570,0.761588
frankfurt_frankfurt_000001_044658_leftImg8bit_AOD-Net.jpg,frankfurt_frankfurt_000001_044658_leftImg8bit.png,13.6484,0.793920
frankfurt_frankfurt_000001_044787_leftImg8bit_AOD-Net.jpg,frankfurt_frankfurt_000001_044787_leftImg8bit.png,14.4767,0.736523
frankfurt_frankfurt_000001_046126_leftImg8bit_AOD-Net.jpg,frankfurt_frankfurt_000001_046126_leftImg8bit.png,10.9689,0.729921
frankfurt_frankfurt_000001_046272_leftImg8bit_AOD-Net.jpg,frankfurt_frankfurt_000001_046272_leftImg8bit.png,15.3440,0.778507
frankfurt_frankfurt_000001_046504_leftImg8bit_AOD-Net.jpg,frankfurt_frankfurt_000001_046504_leftImg8bit.png,13.0782,0.774154
frankfurt_frankfurt_000001_046779_leftImg8bit_AOD-Net.jpg,frankfurt_frankfurt_000001_046779_leftImg8bit.png,11.6249,0.703230
frankfurt_frankfurt_000001_047178_leftImg8bit_AOD-Net.jpg,frankfurt_frankfurt_000001_047178_leftImg8bit.png,15.5587,0.740249
frankfurt_frankfurt_000001_047552_leftImg8bit_AOD-Net.jpg,frankfurt_frankfurt_000001_047552_leftImg8bit.png,15.1674,0.811624
frankfurt_frankfurt_000001_048196_leftImg8bit_AOD-Net.jpg,frankfurt_frankfurt_000001_048196_leftImg8bit.png,14.4558,0.826436
frankfurt_frankfurt_000001_048355_leftImg8bit_AOD-Net.jpg,frankfurt_frankfurt_000001_048355_leftImg8bit.png,17.3651,0.789123
frankfurt_frankfurt_000001_048654_leftImg8bit_AOD-Net.jpg,frankfurt_frankfurt_000001_048654_leftImg8bit.png,10.7134,0.723556
frankfurt_frankfurt_000001_049078_leftImg8bit_AOD-Net.jpg,frankfurt_frankfurt_000001_049078_leftImg8bit.png,11.7163,0.790078
frankfurt_frankfurt_000001_049209_leftImg8bit_AOD-Net.jpg,frankfurt_frankfurt_000001_049209_leftImg8bit.png,11.4135,0.781905
frankfurt_frankfurt_000001_049298_leftImg8bit_AOD-Net.jpg,frankfurt_frankfurt_000001_049298_leftImg8bit.png,10.3052,0.739930
frankfurt_frankfurt_000001_049698_leftImg8bit_AOD-Net.jpg,frankfurt_frankfurt_000001_049698_leftImg8bit.png,11.0506,0.726407
frankfurt_frankfurt_000001_049770_leftImg8bit_AOD-Net.jpg,frankfurt_frankfurt_000001_049770_leftImg8bit.png,9.8547,0.709396
frankfurt_frankfurt_000001_050149_leftImg8bit_AOD-Net.jpg,frankfurt_frankfurt_000001_050149_leftImg8bit.png,9.6812,0.708940
frankfurt_frankfurt_000001_050686_leftImg8bit_AOD-Net.jpg,frankfurt_frankfurt_000001_050686_leftImg8bit.png,9.9267,0.691906
frankfurt_frankfurt_000001_051516_leftImg8bit_AOD-Net.jpg,frankfurt_frankfurt_000001_051516_leftImg8bit.png,15.9505,0.839266
frankfurt_frankfurt_000001_051737_leftImg8bit_AOD-Net.jpg,frankfurt_frankfurt_000001_051737_leftImg8bit.png,13.4668,0.797703
frankfurt_frankfurt_000001_051807_leftImg8bit_AOD-Net.jpg,frankfurt_frankfurt_000001_051807_leftImg8bit.png,14.3538,0.726360
frankfurt_frankfurt_000001_052120_leftImg8bit_AOD-Net.jpg,frankfurt_frankfurt_000001_052120_leftImg8bit.png,14.7150,0.771134
frankfurt_frankfurt_000001_052594_leftImg8bit_AOD-Net.jpg,frankfurt_frankfurt_000001_052594_leftImg8bit.png,9.8796,0.689942
frankfurt_frankfurt_000001_053102_leftImg8bit_AOD-Net.jpg,frankfurt_frankfurt_000001_053102_leftImg8bit.png,9.4162,0.681764
frankfurt_frankfurt_000001_054077_leftImg8bit_AOD-Net.jpg,frankfurt_frankfurt_000001_054077_leftImg8bit.png,17.5880,0.872785
frankfurt_frankfurt_000001_054219_leftImg8bit_AOD-Net.jpg,frankfurt_frankfurt_000001_054219_leftImg8bit.png,14.8152,0.755623
frankfurt_frankfurt_000001_054415_leftImg8bit_AOD-Net.jpg,frankfurt_frankfurt_000001_054415_leftImg8bit.png,13.0582,0.744830
frankfurt_frankfurt_000001_054640_leftImg8bit_AOD-Net.jpg,frankfurt_frankfurt_000001_054640_leftImg8bit.png,12.5995,0.735869
frankfurt_frankfurt_000001_054884_leftImg8bit_AOD-Net.jpg,frankfurt_frankfurt_000001_054884_leftImg8bit.png,13.0542,0.746908
frankfurt_frankfurt_000001_055062_leftImg8bit_AOD-Net.jpg,frankfurt_frankfurt_000001_055062_leftImg8bit.png,12.2300,0.751659
frankfurt_frankfurt_000001_055172_leftImg8bit_AOD-Net.jpg,frankfurt_frankfurt_000001_055172_leftImg8bit.png,17.7895,0.851382
frankfurt_frankfurt_000001_055306_leftImg8bit_AOD-Net.jpg,frankfurt_frankfurt_000001_055306_leftImg8bit.png,13.8798,0.821343
frankfurt_frankfurt_000001_055387_leftImg8bit_AOD-Net.jpg,frankfurt_frankfurt_000001_055387_leftImg8bit.png,12.5344,0.795987
frankfurt_frankfurt_000001_055538_leftImg8bit_AOD-Net.jpg,frankfurt_frankfurt_000001_055538_leftImg8bit.png,14.3780,0.840399
frankfurt_frankfurt_000001_055603_leftImg8bit_AOD-Net.jpg,frankfurt_frankfurt_000001_055603_leftImg8bit.png,10.1128,0.760667
frankfurt_frankfurt_000001_055709_leftImg8bit_AOD-Net.jpg,frankfurt_frankfurt_000001_055709_leftImg8bit.png,10.8945,0.744138
frankfurt_frankfurt_000001_056580_leftImg8bit_AOD-Net.jpg,frankfurt_frankfurt_000001_056580_leftImg8bit.png,11.1815,0.754984
frankfurt_frankfurt_000001_057181_leftImg8bit_AOD-Net.jpg,frankfurt_frankfurt_000001_057181_leftImg8bit.png,11.4679,0.756554
frankfurt_frankfurt_000001_057478_leftImg8bit_AOD-Net.jpg,frankfurt_frankfurt_000001_057478_leftImg8bit.png,11.5022,0.765183
frankfurt_frankfurt_000001_057954_leftImg8bit_AOD-Net.jpg,frankfurt_frankfurt_000001_057954_leftImg8bit.png,12.9933,0.815829
frankfurt_frankfurt_000001_058057_leftImg8bit_AOD-Net.jpg,frankfurt_frankfurt_000001_058057_leftImg8bit.png,13.0754,0.784254
frankfurt_frankfurt_000001_058176_leftImg8bit_AOD-Net.jpg,frankfurt_frankfurt_000001_058176_leftImg8bit.png,14.0644,0.734295
frankfurt_frankfurt_000001_058504_leftImg8bit_AOD-Net.jpg,frankfurt_frankfurt_000001_058504_leftImg8bit.png,13.8070,0.727132
frankfurt_frankfurt_000001_058914_leftImg8bit_AOD-Net.jpg,frankfurt_frankfurt_000001_058914_leftImg8bit.png,15.0804,0.745169
frankfurt_frankfurt_000001_059119_leftImg8bit_AOD-Net.jpg,frankfurt_frankfurt_000001_059119_leftImg8bit.png,15.2622,0.746506
frankfurt_frankfurt_000001_059642_leftImg8bit_AOD-Net.jpg,frankfurt_frankfurt_000001_059642_leftImg8bit.png,16.1768,0.770884
frankfurt_frankfurt_000001_059789_leftImg8bit_AOD-Net.jpg,frankfurt_frankfurt_000001_059789_leftImg8bit.png,14.3231,0.760854
frankfurt_frankfurt_000001_060135_leftImg8bit_AOD-Net.jpg,frankfurt_frankfurt_000001_060135_leftImg8bit.png,11.2051,0.760528
frankfurt_frankfurt_000001_060422_leftImg8bit_AOD-Net.jpg,frankfurt_frankfurt_000001_060422_leftImg8bit.png,11.6178,0.771869
frankfurt_frankfurt_000001_060545_leftImg8bit_AOD-Net.jpg,frankfurt_frankfurt_000001_060545_leftImg8bit.png,12.7401,0.781705
frankfurt_frankfurt_000001_060906_leftImg8bit_AOD-Net.jpg,frankfurt_frankfurt_000001_060906_leftImg8bit.png,12.1393,0.749372
frankfurt_frankfurt_000001_061682_leftImg8bit_AOD-Net.jpg,frankfurt_frankfurt_000001_061682_leftImg8bit.png,12.7081,0.782262
frankfurt_frankfurt_000001_061763_leftImg8bit_AOD-Net.jpg,frankfurt_frankfurt_000001_061763_leftImg8bit.png,12.1334,0.738263
frankfurt_frankfurt_000001_062016_leftImg8bit_AOD-Net.jpg,frankfurt_frankfurt_000001_062016_leftImg8bit.png,9.6721,0.709577
frankfurt_frankfurt_000001_062250_leftImg8bit_AOD-Net.jpg,frankfurt_frankfurt_000001_062250_leftImg8bit.png,10.2100,0.687311
frankfurt_frankfurt_000001_062396_leftImg8bit_AOD-Net.jpg,frankfurt_frankfurt_000001_062396_leftImg8bit.png,14.1580,0.788742
frankfurt_frankfurt_000001_062509_leftImg8bit_AOD-Net.jpg,frankfurt_frankfurt_000001_062509_leftImg8bit.png,12.8579,0.753217
frankfurt_frankfurt_000001_062653_leftImg8bit_AOD-Net.jpg,frankfurt_frankfurt_000001_062653_leftImg8bit.png,14.0297,0.786656
frankfurt_frankfurt_000001_062793_leftImg8bit_AOD-Net.jpg,frankfurt_frankfurt_000001_062793_leftImg8bit.png,12.4267,0.740956
frankfurt_frankfurt_000001_063045_leftImg8bit_AOD-Net.jpg,frankfurt_frankfurt_000001_063045_leftImg8bit.png,12.4842,0.748065
frankfurt_frankfurt_000001_064130_leftImg8bit_AOD-Net.jpg,frankfurt_frankfurt_000001_064130_leftImg8bit.png,14.6183,0.810037
frankfurt_frankfurt_000001_064305_leftImg8bit_AOD-Net.jpg,frankfurt_frankfurt_000001_064305_leftImg8bit.png,16.6391,0.825502
frankfurt_frankfurt_000001_064651_leftImg8bit_AOD-Net.jpg,frankfurt_frankfurt_000001_064651_leftImg8bit.png,14.3481,0.772637
frankfurt_frankfurt_000001_064798_leftImg8bit_AOD-Net.jpg,frankfurt_frankfurt_000001_064798_leftImg8bit.png,14.5831,0.785808
frankfurt_frankfurt_000001_064925_leftImg8bit_AOD-Net.jpg,frankfurt_frankfurt_000001_064925_leftImg8bit.png,13.4044,0.780436
frankfurt_frankfurt_000001_065160_leftImg8bit_AOD-Net.jpg,frankfurt_frankfurt_000001_065160_leftImg8bit.png,14.6512,0.785744
frankfurt_frankfurt_000001_065617_leftImg8bit_AOD-Net.jpg,frankfurt_frankfurt_000001_065617_leftImg8bit.png,12.9403,0.739145
frankfurt_frankfurt_000001_065850_leftImg8bit_AOD-Net.jpg,frankfurt_frankfurt_000001_065850_leftImg8bit.png,12.8641,0.750319
frankfurt_frankfurt_000001_066092_leftImg8bit_AOD-Net.jpg,frankfurt_frankfurt_000001_066092_leftImg8bit.png,14.5035,0.792966
frankfurt_frankfurt_000001_066438_leftImg8bit_AOD-Net.jpg,frankfurt_frankfurt_000001_066438_leftImg8bit.png,17.7472,0.876421
frankfurt_frankfurt_000001_066574_leftImg8bit_AOD-Net.jpg,frankfurt_frankfurt_000001_066574_leftImg8bit.png,15.6441,0.818184
frankfurt_frankfurt_000001_066832_leftImg8bit_AOD-Net.jpg,frankfurt_frankfurt_000001_066832_leftImg8bit.png,14.3985,0.785568
frankfurt_frankfurt_000001_067092_leftImg8bit_AOD-Net.jpg,frankfurt_frankfurt_000001_067092_leftImg8bit.png,15.1380,0.782366
frankfurt_frankfurt_000001_067178_leftImg8bit_AOD-Net.jpg,frankfurt_frankfurt_000001_067178_leftImg8bit.png,14.3755,0.786692
frankfurt_frankfurt_000001_067295_leftImg8bit_AOD-Net.jpg,frankfurt_frankfurt_000001_067295_leftImg8bit.png,13.6864,0.789544
frankfurt_frankfurt_000001_067474_leftImg8bit_AOD-Net.jpg,frankfurt_frankfurt_000001_067474_leftImg8bit.png,14.3788,0.807441
frankfurt_frankfurt_000001_067735_leftImg8bit_AOD-Net.jpg,frankfurt_frankfurt_000001_067735_leftImg8bit.png,15.2104,0.782396
frankfurt_frankfurt_000001_068063_leftImg8bit_AOD-Net.jpg,frankfurt_frankfurt_000001_068063_leftImg8bit.png,11.4517,0.691084
frankfurt_frankfurt_000001_068208_leftImg8bit_AOD-Net.jpg,frankfurt_frankfurt_000001_068208_leftImg8bit.png,10.2289,0.687587
frankfurt_frankfurt_000001_068682_leftImg8bit_AOD-Net.jpg,frankfurt_frankfurt_000001_068682_leftImg8bit.png,12.8661,0.771475
frankfurt_frankfurt_000001_068772_leftImg8bit_AOD-Net.jpg,frankfurt_frankfurt_000001_068772_leftImg8bit.png,13.7237,0.790914
frankfurt_frankfurt_000001_069633_leftImg8bit_AOD-Net.jpg,frankfurt_frankfurt_000001_069633_leftImg8bit.png,13.4356,0.789818
frankfurt_frankfurt_000001_070099_leftImg8bit_AOD-Net.jpg,frankfurt_frankfurt_000001_070099_leftImg8bit.png,11.5666,0.731750
frankfurt_frankfurt_000001_071288_leftImg8bit_AOD-Net.jpg,frankfurt_frankfurt_000001_071288_leftImg8bit.png,14.0222,0.774526
frankfurt_frankfurt_000001_071781_leftImg8bit_AOD-Net.jpg,frankfurt_frankfurt_000001_071781_leftImg8bit.png,12.1926,0.779680
frankfurt_frankfurt_000001_072155_leftImg8bit_AOD-Net.jpg,frankfurt_frankfurt_000001_072155_leftImg8bit.png,11.6623,0.749487
frankfurt_frankfurt_000001_072295_leftImg8bit_AOD-Net.jpg,frankfurt_frankfurt_000001_072295_leftImg8bit.png,11.2845,0.756064
frankfurt_frankfurt_000001_073088_leftImg8bit_AOD-Net.jpg,frankfurt_frankfurt_000001_073088_leftImg8bit.png,16.1098,0.809227
frankfurt_frankfurt_000001_073243_leftImg8bit_AOD-Net.jpg,frankfurt_frankfurt_000001_073243_leftImg8bit.png,13.8097,0.771705
frankfurt_frankfurt_000001_073464_leftImg8bit_AOD-Net.jpg,frankfurt_frankfurt_000001_073464_leftImg8bit.png,11.0295,0.554030
frankfurt_frankfurt_000001_073911_leftImg8bit_AOD-Net.jpg,frankfurt_frankfurt_000001_073911_leftImg8bit.png,13.4921,0.796279
frankfurt_frankfurt_000001_075296_leftImg8bit_AOD-Net.jpg,frankfurt_frankfurt_000001_075296_leftImg8bit.png,14.4336,0.791687
frankfurt_frankfurt_000001_075984_leftImg8bit_AOD-Net.jpg,frankfurt_frankfurt_000001_075984_leftImg8bit.png,14.5078,0.724086
frankfurt_frankfurt_000001_076502_leftImg8bit_AOD-Net.jpg,frankfurt_frankfurt_000001_076502_leftImg8bit.png,13.2182,0.791972
frankfurt_frankfurt_000001_077092_leftImg8bit_AOD-Net.jpg,frankfurt_frankfurt_000001_077092_leftImg8bit.png,15.2198,0.805183
frankfurt_frankfurt_000001_077233_leftImg8bit_AOD-Net.jpg,frankfurt_frankfurt_000001_077233_leftImg8bit.png,14.1431,0.768717
frankfurt_frankfurt_000001_077434_leftImg8bit_AOD-Net.jpg,frankfurt_frankfurt_000001_077434_leftImg8bit.png,13.3998,0.783478
frankfurt_frankfurt_000001_078803_leftImg8bit_AOD-Net.jpg,frankfurt_frankfurt_000001_078803_leftImg8bit.png,14.9065,0.774579
frankfurt_frankfurt_000001_079206_leftImg8bit_AOD-Net.jpg,frankfurt_frankfurt_000001_079206_leftImg8bit.png,14.6937,0.785268
frankfurt_frankfurt_000001_080091_leftImg8bit_AOD-Net.jpg,frankfurt_frankfurt_000001_080091_leftImg8bit.png,12.6795,0.730798
frankfurt_frankfurt_000001_080391_leftImg8bit_AOD-Net.jpg,frankfurt_frankfurt_000001_080391_leftImg8bit.png,14.2007,0.734719
frankfurt_frankfurt_000001_080830_leftImg8bit_AOD-Net.jpg,frankfurt_frankfurt_000001_080830_leftImg8bit.png,14.9460,0.793817
frankfurt_frankfurt_000001_082087_leftImg8bit_AOD-Net.jpg,frankfurt_frankfurt_000001_082087_leftImg8bit.png,11.9414,0.787387
frankfurt_frankfurt_000001_082466_leftImg8bit_AOD-Net.jpg,frankfurt_frankfurt_000001_082466_leftImg8bit.png,15.8677,0.811503
frankfurt_frankfurt_000001_083029_leftImg8bit_AOD-Net.jpg,frankfurt_frankfurt_000001_083029_leftImg8bit.png,11.0291,0.739074
frankfurt_frankfurt_000001_083199_leftImg8bit_AOD-Net.jpg,frankfurt_frankfurt_000001_083199_leftImg8bit.png,12.1176,0.744269
frankfurt_frankfurt_000001_083852_leftImg8bit_AOD-Net.jpg,frankfurt_frankfurt_000001_083852_leftImg8bit.png,12.1668,0.729757
lindau_lindau_000000_000019_leftImg8bit_AOD-Net.jpg,lindau_lindau_000000_000019_leftImg8bit.png,14.8354,0.719198
lindau_lindau_000001_000019_leftImg8bit_AOD-Net.jpg,lindau_lindau_000001_000019_leftImg8bit.png,17.4110,0.821669
lindau_lindau_000002_000019_leftImg8bit_AOD-Net.jpg,lindau_lindau_000002_000019_leftImg8bit.png,17.2602,0.666903
lindau_lindau_000003_000019_leftImg8bit_AOD-Net.jpg,lindau_lindau_000003_000019_leftImg8bit.png,15.7172,0.740240
lindau_lindau_000004_000019_leftImg8bit_AOD-Net.jpg,lindau_lindau_000004_000019_leftImg8bit.png,13.9934,0.737632
lindau_lindau_000005_000019_leftImg8bit_AOD-Net.jpg,lindau_lindau_000005_000019_leftImg8bit.png,14.7408,0.731293
lindau_lindau_000006_000019_leftImg8bit_AOD-Net.jpg,lindau_lindau_000006_000019_leftImg8bit.png,14.3190,0.739935
lindau_lindau_000007_000019_leftImg8bit_AOD-Net.jpg,lindau_lindau_000007_000019_leftImg8bit.png,15.6200,0.694803
lindau_lindau_000008_000019_leftImg8bit_AOD-Net.jpg,lindau_lindau_000008_000019_leftImg8bit.png,14.6158,0.728752
lindau_lindau_000009_000019_leftImg8bit_AOD-Net.jpg,lindau_lindau_000009_000019_leftImg8bit.png,14.0442,0.703560
lindau_lindau_000010_000019_leftImg8bit_AOD-Net.jpg,lindau_lindau_000010_000019_leftImg8bit.png,18.8104,0.671770
lindau_lindau_000011_000019_leftImg8bit_AOD-Net.jpg,lindau_lindau_000011_000019_leftImg8bit.png,17.4689,0.705349
lindau_lindau_000012_000019_leftImg8bit_AOD-Net.jpg,lindau_lindau_000012_000019_leftImg8bit.png,18.2854,0.679493
lindau_lindau_000013_000019_leftImg8bit_AOD-Net.jpg,lindau_lindau_000013_000019_leftImg8bit.png,13.4016,0.657640
lindau_lindau_000014_000019_leftImg8bit_AOD-Net.jpg,lindau_lindau_000014_000019_leftImg8bit.png,18.0280,0.743433
lindau_lindau_000015_000019_leftImg8bit_AOD-Net.jpg,lindau_lindau_000015_000019_leftImg8bit.png,15.4260,0.716579
lindau_lindau_000016_000019_leftImg8bit_AOD-Net.jpg,lindau_lindau_000016_000019_leftImg8bit.png,14.3378,0.674251
lindau_lindau_000017_000019_leftImg8bit_AOD-Net.jpg,lindau_lindau_000017_000019_leftImg8bit.png,15.3998,0.733804
lindau_lindau_000018_000019_leftImg8bit_AOD-Net.jpg,lindau_lindau_000018_000019_leftImg8bit.png,15.9066,0.610485
lindau_lindau_000019_000019_leftImg8bit_AOD-Net.jpg,lindau_lindau_000019_000019_leftImg8bit.png,14.7367,0.478302
lindau_lindau_000020_000019_leftImg8bit_AOD-Net.jpg,lindau_lindau_000020_000019_leftImg8bit.png,18.2743,0.741794
lindau_lindau_000021_000019_leftImg8bit_AOD-Net.jpg,lindau_lindau_000021_000019_leftImg8bit.png,19.2510,0.773763
lindau_lindau_000022_000019_leftImg8bit_AOD-Net.jpg,lindau_lindau_000022_000019_leftImg8bit.png,16.0991,0.791305
lindau_lindau_000023_000019_leftImg8bit_AOD-Net.jpg,lindau_lindau_000023_000019_leftImg8bit.png,12.5510,0.712735
lindau_lindau_000024_000019_leftImg8bit_AOD-Net.jpg,lindau_lindau_000024_000019_leftImg8bit.png,16.0662,0.765035
lindau_lindau_000025_000019_leftImg8bit_AOD-Net.jpg,lindau_lindau_000025_000019_leftImg8bit.png,16.5225,0.577508
lindau_lindau_000026_000019_leftImg8bit_AOD-Net.jpg,lindau_lindau_000026_000019_leftImg8bit.png,14.4139,0.468870
lindau_lindau_000027_000019_leftImg8bit_AOD-Net.jpg,lindau_lindau_000027_000019_leftImg8bit.png,20.7569,0.822308
lindau_lindau_000028_000019_leftImg8bit_AOD-Net.jpg,lindau_lindau_000028_000019_leftImg8bit.png,16.9212,0.756572
lindau_lindau_000029_000019_leftImg8bit_AOD-Net.jpg,lindau_lindau_000029_000019_leftImg8bit.png,20.0888,0.784426
lindau_lindau_000030_000019_leftImg8bit_AOD-Net.jpg,lindau_lindau_000030_000019_leftImg8bit.png,17.4286,0.830801
lindau_lindau_000031_000019_leftImg8bit_AOD-Net.jpg,lindau_lindau_000031_000019_leftImg8bit.png,18.5668,0.823175
lindau_lindau_000032_000019_leftImg8bit_AOD-Net.jpg,lindau_lindau_000032_000019_leftImg8bit.png,19.6699,0.824861
lindau_lindau_000033_000019_leftImg8bit_AOD-Net.jpg,lindau_lindau_000033_000019_leftImg8bit.png,15.7988,0.797351
lindau_lindau_000034_000019_leftImg8bit_AOD-Net.jpg,lindau_lindau_000034_000019_leftImg8bit.png,14.6672,0.544998
lindau_lindau_000035_000019_leftImg8bit_AOD-Net.jpg,lindau_lindau_000035_000019_leftImg8bit.png,17.7478,0.780075
lindau_lindau_000036_000019_leftImg8bit_AOD-Net.jpg,lindau_lindau_000036_000019_leftImg8bit.png,17.3969,0.739680
lindau_lindau_000037_000019_leftImg8bit_AOD-Net.jpg,lindau_lindau_000037_000019_leftImg8bit.png,16.3940,0.792341
lindau_lindau_000038_000019_leftImg8bit_AOD-Net.jpg,lindau_lindau_000038_000019_leftImg8bit.png,15.8023,0.747690
lindau_lindau_000039_000019_leftImg8bit_AOD-Net.jpg,lindau_lindau_000039_000019_leftImg8bit.png,16.0537,0.752949
lindau_lindau_000040_000019_leftImg8bit_AOD-Net.jpg,lindau_lindau_000040_000019_leftImg8bit.png,19.9027,0.822940
lindau_lindau_000041_000019_leftImg8bit_AOD-Net.jpg,lindau_lindau_000041_000019_leftImg8bit.png,16.8559,0.799684
lindau_lindau_000042_000019_leftImg8bit_AOD-Net.jpg,lindau_lindau_000042_000019_leftImg8bit.png,17.2502,0.732043
lindau_lindau_000043_000019_leftImg8bit_AOD-Net.jpg,lindau_lindau_000043_000019_leftImg8bit.png,19.7970,0.832778
lindau_lindau_000044_000019_leftImg8bit_AOD-Net.jpg,lindau_lindau_000044_000019_leftImg8bit.png,17.4243,0.641330
lindau_lindau_000045_000019_leftImg8bit_AOD-Net.jpg,lindau_lindau_000045_000019_leftImg8bit.png,15.4906,0.743552
lindau_lindau_000046_000019_leftImg8bit_AOD-Net.jpg,lindau_lindau_000046_000019_leftImg8bit.png,15.3912,0.611031
lindau_lindau_000047_000019_leftImg8bit_AOD-Net.jpg,lindau_lindau_000047_000019_leftImg8bit.png,16.6796,0.493035
lindau_lindau_000048_000019_leftImg8bit_AOD-Net.jpg,lindau_lindau_000048_000019_leftImg8bit.png,18.7560,0.652167
lindau_lindau_000049_000019_leftImg8bit_AOD-Net.jpg,lindau_lindau_000049_000019_leftImg8bit.png,16.8717,0.749726
lindau_lindau_000050_000019_leftImg8bit_AOD-Net.jpg,lindau_lindau_000050_000019_leftImg8bit.png,18.0303,0.751071
lindau_lindau_000051_000019_leftImg8bit_AOD-Net.jpg,lindau_lindau_000051_000019_leftImg8bit.png,15.6892,0.693733
lindau_lindau_000052_000019_leftImg8bit_AOD-Net.jpg,lindau_lindau_000052_000019_leftImg8bit.png,15.1930,0.474221
lindau_lindau_000053_000019_leftImg8bit_AOD-Net.jpg,lindau_lindau_000053_000019_leftImg8bit.png,13.9365,0.685779
lindau_lindau_000054_000019_leftImg8bit_AOD-Net.jpg,lindau_lindau_000054_000019_leftImg8bit.png,9.9044,0.656796
lindau_lindau_000055_000019_leftImg8bit_AOD-Net.jpg,lindau_lindau_000055_000019_leftImg8bit.png,12.5765,0.668391
lindau_lindau_000056_000019_leftImg8bit_AOD-Net.jpg,lindau_lindau_000056_000019_leftImg8bit.png,13.7038,0.761284
lindau_lindau_000057_000019_leftImg8bit_AOD-Net.jpg,lindau_lindau_000057_000019_leftImg8bit.png,13.5641,0.782693
lindau_lindau_000058_000019_leftImg8bit_AOD-Net.jpg,lindau_lindau_000058_000019_leftImg8bit.png,12.6025,0.689999
munster_munster_000000_000019_leftImg8bit_AOD-Net.jpg,munster_munster_000000_000019_leftImg8bit.png,10.6715,0.656401
munster_munster_000001_000019_leftImg8bit_AOD-Net.jpg,munster_munster_000001_000019_leftImg8bit.png,9.8936,0.668689
munster_munster_000002_000019_leftImg8bit_AOD-Net.jpg,munster_munster_000002_000019_leftImg8bit.png,13.1400,0.738765
munster_munster_000003_000019_leftImg8bit_AOD-Net.jpg,munster_munster_000003_000019_leftImg8bit.png,13.0318,0.722459
munster_munster_000004_000019_leftImg8bit_AOD-Net.jpg,munster_munster_000004_000019_leftImg8bit.png,13.7914,0.734021
munster_munster_000005_000019_leftImg8bit_AOD-Net.jpg,munster_munster_000005_000019_leftImg8bit.png,14.8202,0.770489
munster_munster_000006_000019_leftImg8bit_AOD-Net.jpg,munster_munster_000006_000019_leftImg8bit.png,13.8335,0.755332
munster_munster_000007_000019_leftImg8bit_AOD-Net.jpg,munster_munster_000007_000019_leftImg8bit.png,14.2878,0.764967
munster_munster_000008_000019_leftImg8bit_AOD-Net.jpg,munster_munster_000008_000019_leftImg8bit.png,13.6621,0.771462
munster_munster_000009_000019_leftImg8bit_AOD-Net.jpg,munster_munster_000009_000019_leftImg8bit.png,13.8243,0.745760
munster_munster_000010_000019_leftImg8bit_AOD-Net.jpg,munster_munster_000010_000019_leftImg8bit.png,15.7345,0.794679
munster_munster_000011_000019_leftImg8bit_AOD-Net.jpg,munster_munster_000011_000019_leftImg8bit.png,13.4772,0.741535
munster_munster_000012_000019_leftImg8bit_AOD-Net.jpg,munster_munster_000012_000019_leftImg8bit.png,15.5413,0.802536
munster_munster_000013_000019_leftImg8bit_AOD-Net.jpg,munster_munster_000013_000019_leftImg8bit.png,13.5055,0.771419
munster_munster_000014_000019_leftImg8bit_AOD-Net.jpg,munster_munster_000014_000019_leftImg8bit.png,12.6303,0.761898
munster_munster_000015_000019_leftImg8bit_AOD-Net.jpg,munster_munster_000015_000019_leftImg8bit.png,17.4842,0.816271
munster_munster_000016_000019_leftImg8bit_AOD-Net.jpg,munster_munster_000016_000019_leftImg8bit.png,16.6969,0.783805
munster_munster_000017_000019_leftImg8bit_AOD-Net.jpg,munster_munster_000017_000019_leftImg8bit.png,16.8641,0.792871
munster_munster_000018_000019_leftImg8bit_AOD-Net.jpg,munster_munster_000018_000019_leftImg8bit.png,18.4486,0.780545
munster_munster_000019_000019_leftImg8bit_AOD-Net.jpg,munster_munster_000019_000019_leftImg8bit.png,12.4693,0.753137
munster_munster_000020_000019_leftImg8bit_AOD-Net.jpg,munster_munster_000020_000019_leftImg8bit.png,13.0161,0.727510
munster_munster_000021_000019_leftImg8bit_AOD-Net.jpg,munster_munster_000021_000019_leftImg8bit.png,17.7228,0.783553
munster_munster_000022_000019_leftImg8bit_AOD-Net.jpg,munster_munster_000022_000019_leftImg8bit.png,13.1085,0.758741
munster_munster_000023_000019_leftImg8bit_AOD-Net.jpg,munster_munster_000023_000019_leftImg8bit.png,12.2368,0.778636
munster_munster_000024_000019_leftImg8bit_AOD-Net.jpg,munster_munster_000024_000019_leftImg8bit.png,11.0368,0.711268
munster_munster_000025_000019_leftImg8bit_AOD-Net.jpg,munster_munster_000025_000019_leftImg8bit.png,15.1905,0.746998
munster_munster_000026_000019_leftImg8bit_AOD-Net.jpg,munster_munster_000026_000019_leftImg8bit.png,13.5074,0.727837
munster_munster_000027_000019_leftImg8bit_AOD-Net.jpg,munster_munster_000027_000019_leftImg8bit.png,13.8446,0.779584
munster_munster_000028_000019_leftImg8bit_AOD-Net.jpg,munster_munster_000028_000019_leftImg8bit.png,15.5322,0.770348
munster_munster_000029_000019_leftImg8bit_AOD-Net.jpg,munster_munster_000029_000019_leftImg8bit.png,13.8917,0.779224
munster_munster_000030_000019_leftImg8bit_AOD-Net.jpg,munster_munster_000030_000019_leftImg8bit.png,13.5036,0.752486
munster_munster_000031_000019_leftImg8bit_AOD-Net.jpg,munster_munster_000031_000019_leftImg8bit.png,14.0762,0.741325
munster_munster_000032_000019_leftImg8bit_AOD-Net.jpg,munster_munster_000032_000019_leftImg8bit.png,12.6940,0.712753
munster_munster_000033_000019_leftImg8bit_AOD-Net.jpg,munster_munster_000033_000019_leftImg8bit.png,13.9152,0.778167
munster_munster_000034_000019_leftImg8bit_AOD-Net.jpg,munster_munster_000034_000019_leftImg8bit.png,15.4236,0.812697
munster_munster_000035_000019_leftImg8bit_AOD-Net.jpg,munster_munster_000035_000019_leftImg8bit.png,14.8136,0.799775
munster_munster_000036_000019_leftImg8bit_AOD-Net.jpg,munster_munster_000036_000019_leftImg8bit.png,14.6725,0.810889
munster_munster_000037_000019_leftImg8bit_AOD-Net.jpg,munster_munster_000037_000019_leftImg8bit.png,14.8101,0.766802
munster_munster_000038_000019_leftImg8bit_AOD-Net.jpg,munster_munster_000038_000019_leftImg8bit.png,11.3472,0.704983
munster_munster_000039_000019_leftImg8bit_AOD-Net.jpg,munster_munster_000039_000019_leftImg8bit.png,14.7836,0.694981
munster_munster_000040_000019_leftImg8bit_AOD-Net.jpg,munster_munster_000040_000019_leftImg8bit.png,12.9376,0.775556
munster_munster_000041_000019_leftImg8bit_AOD-Net.jpg,munster_munster_000041_000019_leftImg8bit.png,14.7106,0.761236
munster_munster_000042_000019_leftImg8bit_AOD-Net.jpg,munster_munster_000042_000019_leftImg8bit.png,15.9227,0.769676
munster_munster_000043_000019_leftImg8bit_AOD-Net.jpg,munster_munster_000043_000019_leftImg8bit.png,18.1385,0.826412
munster_munster_000044_000019_leftImg8bit_AOD-Net.jpg,munster_munster_000044_000019_leftImg8bit.png,15.2945,0.796974
munster_munster_000045_000019_leftImg8bit_AOD-Net.jpg,munster_munster_000045_000019_leftImg8bit.png,17.5879,0.786033
munster_munster_000046_000019_leftImg8bit_AOD-Net.jpg,munster_munster_000046_000019_leftImg8bit.png,18.1162,0.793370
munster_munster_000047_000019_leftImg8bit_AOD-Net.jpg,munster_munster_000047_000019_leftImg8bit.png,13.1403,0.711294
munster_munster_000048_000019_leftImg8bit_AOD-Net.jpg,munster_munster_000048_000019_leftImg8bit.png,12.7733,0.715250
munster_munster_000049_000019_leftImg8bit_AOD-Net.jpg,munster_munster_000049_000019_leftImg8bit.png,15.3068,0.752184
munster_munster_000050_000019_leftImg8bit_AOD-Net.jpg,munster_munster_000050_000019_leftImg8bit.png,13.0074,0.758731
munster_munster_000051_000019_leftImg8bit_AOD-Net.jpg,munster_munster_000051_000019_leftImg8bit.png,14.3570,0.711868
munster_munster_000052_000019_leftImg8bit_AOD-Net.jpg,munster_munster_000052_000019_leftImg8bit.png,14.7512,0.690619
munster_munster_000053_000019_leftImg8bit_AOD-Net.jpg,munster_munster_000053_000019_leftImg8bit.png,13.0184,0.761539
munster_munster_000054_000019_leftImg8bit_AOD-Net.jpg,munster_munster_000054_000019_leftImg8bit.png,11.6762,0.740469
munster_munster_000055_000019_leftImg8bit_AOD-Net.jpg,munster_munster_000055_000019_leftImg8bit.png,13.9515,0.748604
munster_munster_000056_000019_leftImg8bit_AOD-Net.jpg,munster_munster_000056_000019_leftImg8bit.png,16.0482,0.759260
munster_munster_000057_000019_leftImg8bit_AOD-Net.jpg,munster_munster_000057_000019_leftImg8bit.png,15.8672,0.738946
munster_munster_000058_000019_leftImg8bit_AOD-Net.jpg,munster_munster_000058_000019_leftImg8bit.png,12.5135,0.756937
munster_munster_000059_000019_leftImg8bit_AOD-Net.jpg,munster_munster_000059_000019_leftImg8bit.png,14.3297,0.722501
munster_munster_000060_000019_leftImg8bit_AOD-Net.jpg,munster_munster_000060_000019_leftImg8bit.png,12.0752,0.756669
munster_munster_000061_000019_leftImg8bit_AOD-Net.jpg,munster_munster_000061_000019_leftImg8bit.png,14.2622,0.811524
munster_munster_000062_000019_leftImg8bit_AOD-Net.jpg,munster_munster_000062_000019_leftImg8bit.png,14.4397,0.759965
munster_munster_000063_000019_leftImg8bit_AOD-Net.jpg,munster_munster_000063_000019_leftImg8bit.png,14.0371,0.738007
munster_munster_000064_000019_leftImg8bit_AOD-Net.jpg,munster_munster_000064_000019_leftImg8bit.png,13.9569,0.790983
munster_munster_000065_000019_leftImg8bit_AOD-Net.jpg,munster_munster_000065_000019_leftImg8bit.png,12.4057,0.783445
munster_munster_000066_000019_leftImg8bit_AOD-Net.jpg,munster_munster_000066_000019_leftImg8bit.png,11.7686,0.729582
munster_munster_000067_000019_leftImg8bit_AOD-Net.jpg,munster_munster_000067_000019_leftImg8bit.png,15.7744,0.790321
munster_munster_000068_000019_leftImg8bit_AOD-Net.jpg,munster_munster_000068_000019_leftImg8bit.png,11.3585,0.704855
munster_munster_000069_000019_leftImg8bit_AOD-Net.jpg,munster_munster_000069_000019_leftImg8bit.png,11.3450,0.683177
munster_munster_000070_000019_leftImg8bit_AOD-Net.jpg,munster_munster_000070_000019_leftImg8bit.png,11.3368,0.695571
munster_munster_000071_000019_leftImg8bit_AOD-Net.jpg,munster_munster_000071_000019_leftImg8bit.png,13.3526,0.750667
munster_munster_000072_000019_leftImg8bit_AOD-Net.jpg,munster_munster_000072_000019_leftImg8bit.png,13.4975,0.740064
munster_munster_000073_000019_leftImg8bit_AOD-Net.jpg,munster_munster_000073_000019_leftImg8bit.png,17.0544,0.712126
munster_munster_000074_000019_leftImg8bit_AOD-Net.jpg,munster_munster_000074_000019_leftImg8bit.png,15.5170,0.791838
munster_munster_000075_000019_leftImg8bit_AOD-Net.jpg,munster_munster_000075_000019_leftImg8bit.png,15.2988,0.804548
munster_munster_000076_000019_leftImg8bit_AOD-Net.jpg,munster_munster_000076_000019_leftImg8bit.png,11.9935,0.722753
munster_munster_000077_000019_leftImg8bit_AOD-Net.jpg,munster_munster_000077_000019_leftImg8bit.png,15.4940,0.726694
munster_munster_000078_000019_leftImg8bit_AOD-Net.jpg,munster_munster_000078_000019_leftImg8bit.png,13.1110,0.758150
munster_munster_000079_000019_leftImg8bit_AOD-Net.jpg,munster_munster_000079_000019_leftImg8bit.png,14.6584,0.814169
munster_munster_000080_000019_leftImg8bit_AOD-Net.jpg,munster_munster_000080_000019_leftImg8bit.png,13.9695,0.761529
munster_munster_000081_000019_leftImg8bit_AOD-Net.jpg,munster_munster_000081_000019_leftImg8bit.png,15.8027,0.802735
munster_munster_000082_000019_leftImg8bit_AOD-Net.jpg,munster_munster_000082_000019_leftImg8bit.png,17.8643,0.740707
munster_munster_000083_000019_leftImg8bit_AOD-Net.jpg,munster_munster_000083_000019_leftImg8bit.png,11.7663,0.726709
munster_munster_000084_000019_leftImg8bit_AOD-Net.jpg,munster_munster_000084_000019_leftImg8bit.png,13.4292,0.743335
munster_munster_000085_000019_leftImg8bit_AOD-Net.jpg,munster_munster_000085_000019_leftImg8bit.png,18.6031,0.794542
munster_munster_000086_000019_leftImg8bit_AOD-Net.jpg,munster_munster_000086_000019_leftImg8bit.png,15.4263,0.813783
munster_munster_000087_000019_leftImg8bit_AOD-Net.jpg,munster_munster_000087_000019_leftImg8bit.png,15.6744,0.806570
munster_munster_000088_000019_leftImg8bit_AOD-Net.jpg,munster_munster_000088_000019_leftImg8bit.png,16.1043,0.797282
munster_munster_000089_000019_leftImg8bit_AOD-Net.jpg,munster_munster_000089_000019_leftImg8bit.png,13.4481,0.742804
munster_munster_000090_000019_leftImg8bit_AOD-Net.jpg,munster_munster_000090_000019_leftImg8bit.png,12.9489,0.719768
munster_munster_000091_000019_leftImg8bit_AOD-Net.jpg,munster_munster_000091_000019_leftImg8bit.png,12.4627,0.720239
munster_munster_000092_000019_leftImg8bit_AOD-Net.jpg,munster_munster_000092_000019_leftImg8bit.png,12.9358,0.740562
munster_munster_000093_000019_leftImg8bit_AOD-Net.jpg,munster_munster_000093_000019_leftImg8bit.png,13.6026,0.701017
munster_munster_000094_000019_leftImg8bit_AOD-Net.jpg,munster_munster_000094_000019_leftImg8bit.png,13.2123,0.738301
munster_munster_000095_000019_leftImg8bit_AOD-Net.jpg,munster_munster_000095_000019_leftImg8bit.png,13.1429,0.760429
munster_munster_000096_000019_leftImg8bit_AOD-Net.jpg,munster_munster_000096_000019_leftImg8bit.png,17.0007,0.830359
munster_munster_000097_000019_leftImg8bit_AOD-Net.jpg,munster_munster_000097_000019_leftImg8bit.png,17.7177,0.839942
munster_munster_000098_000019_leftImg8bit_AOD-Net.jpg,munster_munster_000098_000019_leftImg8bit.png,16.3511,0.780262
munster_munster_000099_000019_leftImg8bit_AOD-Net.jpg,munster_munster_000099_000019_leftImg8bit.png,14.1328,0.772467
munster_munster_000100_000019_leftImg8bit_AOD-Net.jpg,munster_munster_000100_000019_leftImg8bit.png,15.5804,0.555653
munster_munster_000101_000019_leftImg8bit_AOD-Net.jpg,munster_munster_000101_000019_leftImg8bit.png,17.1319,0.763015
munster_munster_000102_000019_leftImg8bit_AOD-Net.jpg,munster_munster_000102_000019_leftImg8bit.png,16.8020,0.816318
munster_munster_000103_000019_leftImg8bit_AOD-Net.jpg,munster_munster_000103_000019_leftImg8bit.png,15.1546,0.760250
munster_munster_000104_000019_leftImg8bit_AOD-Net.jpg,munster_munster_000104_000019_leftImg8bit.png,17.5698,0.752167
munster_munster_000105_000019_leftImg8bit_AOD-Net.jpg,munster_munster_000105_000019_leftImg8bit.png,17.2737,0.715193
munster_munster_000106_000019_leftImg8bit_AOD-Net.jpg,munster_munster_000106_000019_leftImg8bit.png,15.2805,0.772562
munster_munster_000107_000019_leftImg8bit_AOD-Net.jpg,munster_munster_000107_000019_leftImg8bit.png,15.1087,0.752524
munster_munster_000108_000019_leftImg8bit_AOD-Net.jpg,munster_munster_000108_000019_leftImg8bit.png,14.4372,0.745928
munster_munster_000109_000019_leftImg8bit_AOD-Net.jpg,munster_munster_000109_000019_leftImg8bit.png,15.3377,0.707860
munster_munster_000110_000019_leftImg8bit_AOD-Net.jpg,munster_munster_000110_000019_leftImg8bit.png,17.2630,0.768698
munster_munster_000111_000019_leftImg8bit_AOD-Net.jpg,munster_munster_000111_000019_leftImg8bit.png,16.4646,0.762975
munster_munster_000112_000019_leftImg8bit_AOD-Net.jpg,munster_munster_000112_000019_leftImg8bit.png,16.7013,0.745748
munster_munster_000113_000019_leftImg8bit_AOD-Net.jpg,munster_munster_000113_000019_leftImg8bit.png,17.6783,0.778674
munster_munster_000114_000019_leftImg8bit_AOD-Net.jpg,munster_munster_000114_000019_leftImg8bit.png,13.4316,0.743402
munster_munster_000115_000019_leftImg8bit_AOD-Net.jpg,munster_munster_000115_000019_leftImg8bit.png,12.7715,0.726193
munster_munster_000116_000019_leftImg8bit_AOD-Net.jpg,munster_munster_000116_000019_leftImg8bit.png,15.2440,0.747826
munster_munster_000117_000019_leftImg8bit_AOD-Net.jpg,munster_munster_000117_000019_leftImg8bit.png,13.2230,0.690475
munster_munster_000118_000019_leftImg8bit_AOD-Net.jpg,munster_munster_000118_000019_leftImg8bit.png,13.6162,0.722176
munster_munster_000119_000019_leftImg8bit_AOD-Net.jpg,munster_munster_000119_000019_leftImg8bit.png,11.9417,0.709541
munster_munster_000120_000019_leftImg8bit_AOD-Net.jpg,munster_munster_000120_000019_leftImg8bit.png,18.4666,0.750088
munster_munster_000121_000019_leftImg8bit_AOD-Net.jpg,munster_munster_000121_000019_leftImg8bit.png,18.3069,0.769739
munster_munster_000122_000019_leftImg8bit_AOD-Net.jpg,munster_munster_000122_000019_leftImg8bit.png,18.2319,0.768435
munster_munster_000123_000019_leftImg8bit_AOD-Net.jpg,munster_munster_000123_000019_leftImg8bit.png,13.6262,0.767874
munster_munster_000124_000019_leftImg8bit_AOD-Net.jpg,munster_munster_000124_000019_leftImg8bit.png,14.5258,0.766521
munster_munster_000125_000019_leftImg8bit_AOD-Net.jpg,munster_munster_000125_000019_leftImg8bit.png,15.0445,0.766192
munster_munster_000126_000019_leftImg8bit_AOD-Net.jpg,munster_munster_000126_000019_leftImg8bit.png,12.4299,0.713818
munster_munster_000127_000019_leftImg8bit_AOD-Net.jpg,munster_munster_000127_000019_leftImg8bit.png,13.7641,0.675846
munster_munster_000128_000019_leftImg8bit_AOD-Net.jpg,munster_munster_000128_000019_leftImg8bit.png,11.1550,0.697176
munster_munster_000129_000019_leftImg8bit_AOD-Net.jpg,munster_munster_000129_000019_leftImg8bit.png,9.2897,0.636333
munster_munster_000130_000019_leftImg8bit_AOD-Net.jpg,munster_munster_000130_000019_leftImg8bit.png,12.4215,0.720217
munster_munster_000131_000019_leftImg8bit_AOD-Net.jpg,munster_munster_000131_000019_leftImg8bit.png,10.4871,0.615927
munster_munster_000132_000019_leftImg8bit_AOD-Net.jpg,munster_munster_000132_000019_leftImg8bit.png,10.8985,0.676669
munster_munster_000133_000019_leftImg8bit_AOD-Net.jpg,munster_munster_000133_000019_leftImg8bit.png,13.6606,0.753672
munster_munster_000134_000019_leftImg8bit_AOD-Net.jpg,munster_munster_000134_000019_leftImg8bit.png,15.0455,0.687374
munster_munster_000135_000019_leftImg8bit_AOD-Net.jpg,munster_munster_000135_000019_leftImg8bit.png,12.4795,0.738839
munster_munster_000136_000019_leftImg8bit_AOD-Net.jpg,munster_munster_000136_000019_leftImg8bit.png,14.5176,0.737243
munster_munster_000137_000019_leftImg8bit_AOD-Net.jpg,munster_munster_000137_000019_leftImg8bit.png,16.5795,0.773944
munster_munster_000138_000019_leftImg8bit_AOD-Net.jpg,munster_munster_000138_000019_leftImg8bit.png,15.4010,0.756364
munster_munster_000139_000019_leftImg8bit_AOD-Net.jpg,munster_munster_000139_000019_leftImg8bit.png,16.6670,0.830563
munster_munster_000140_000019_leftImg8bit_AOD-Net.jpg,munster_munster_000140_000019_leftImg8bit.png,17.6164,0.839036
munster_munster_000141_000019_leftImg8bit_AOD-Net.jpg,munster_munster_000141_000019_leftImg8bit.png,18.8227,0.811447
munster_munster_000142_000019_leftImg8bit_AOD-Net.jpg,munster_munster_000142_000019_leftImg8bit.png,17.5379,0.830064
munster_munster_000143_000019_leftImg8bit_AOD-Net.jpg,munster_munster_000143_000019_leftImg8bit.png,18.2012,0.811648
munster_munster_000144_000019_leftImg8bit_AOD-Net.jpg,munster_munster_000144_000019_leftImg8bit.png,15.3160,0.795409
munster_munster_000145_000019_leftImg8bit_AOD-Net.jpg,munster_munster_000145_000019_leftImg8bit.png,14.2445,0.778107
munster_munster_000146_000019_leftImg8bit_AOD-Net.jpg,munster_munster_000146_000019_leftImg8bit.png,15.7773,0.776018
munster_munster_000147_000019_leftImg8bit_AOD-Net.jpg,munster_munster_000147_000019_leftImg8bit.png,15.5875,0.774842
munster_munster_000148_000019_leftImg8bit_AOD-Net.jpg,munster_munster_000148_000019_leftImg8bit.png,13.8685,0.769592
munster_munster_000149_000019_leftImg8bit_AOD-Net.jpg,munster_munster_000149_000019_leftImg8bit.png,17.0467,0.813804
munster_munster_000150_000019_leftImg8bit_AOD-Net.jpg,munster_munster_000150_000019_leftImg8bit.png,16.4369,0.793976
munster_munster_000151_000019_leftImg8bit_AOD-Net.jpg,munster_munster_000151_000019_leftImg8bit.png,15.9954,0.790375
munster_munster_000152_000019_leftImg8bit_AOD-Net.jpg,munster_munster_000152_000019_leftImg8bit.png,14.9104,0.774647
munster_munster_000153_000019_leftImg8bit_AOD-Net.jpg,munster_munster_000153_000019_leftImg8bit.png,15.2730,0.763045
munster_munster_000154_000019_leftImg8bit_AOD-Net.jpg,munster_munster_000154_000019_leftImg8bit.png,15.5163,0.785274
munster_munster_000155_000019_leftImg8bit_AOD-Net.jpg,munster_munster_000155_000019_leftImg8bit.png,12.4096,0.702673
munster_munster_000156_000019_leftImg8bit_AOD-Net.jpg,munster_munster_000156_000019_leftImg8bit.png,15.4465,0.745130
munster_munster_000157_000019_leftImg8bit_AOD-Net.jpg,munster_munster_000157_000019_leftImg8bit.png,14.5048,0.755097
munster_munster_000158_000019_leftImg8bit_AOD-Net.jpg,munster_munster_000158_000019_leftImg8bit.png,14.8893,0.750364
munster_munster_000159_000019_leftImg8bit_AOD-Net.jpg,munster_munster_000159_000019_leftImg8bit.png,11.1691,0.730117
munster_munster_000160_000019_leftImg8bit_AOD-Net.jpg,munster_munster_000160_000019_leftImg8bit.png,14.6181,0.745607
munster_munster_000161_000019_leftImg8bit_AOD-Net.jpg,munster_munster_000161_000019_leftImg8bit.png,14.3394,0.780532
munster_munster_000162_000019_leftImg8bit_AOD-Net.jpg,munster_munster_000162_000019_leftImg8bit.png,16.3432,0.801629
munster_munster_000163_000019_leftImg8bit_AOD-Net.jpg,munster_munster_000163_000019_leftImg8bit.png,15.9327,0.749613
munster_munster_000164_000019_leftImg8bit_AOD-Net.jpg,munster_munster_000164_000019_leftImg8bit.png,16.1476,0.735275
munster_munster_000165_000019_leftImg8bit_AOD-Net.jpg,munster_munster_000165_000019_leftImg8bit.png,11.4828,0.667274
munster_munster_000166_000019_leftImg8bit_AOD-Net.jpg,munster_munster_000166_000019_leftImg8bit.png,10.9975,0.695753
munster_munster_000167_000019_leftImg8bit_AOD-Net.jpg,munster_munster_000167_000019_leftImg8bit.png,15.0456,0.755875
munster_munster_000168_000019_leftImg8bit_AOD-Net.jpg,munster_munster_000168_000019_leftImg8bit.png,13.3659,0.717478
munster_munster_000169_000019_leftImg8bit_AOD-Net.jpg,munster_munster_000169_000019_leftImg8bit.png,12.9821,0.667266
munster_munster_000170_000019_leftImg8bit_AOD-Net.jpg,munster_munster_000170_000019_leftImg8bit.png,15.1797,0.745457
munster_munster_000171_000019_leftImg8bit_AOD-Net.jpg,munster_munster_000171_000019_leftImg8bit.png,12.6188,0.719315
munster_munster_000172_000019_leftImg8bit_AOD-Net.jpg,munster_munster_000172_000019_leftImg8bit.png,13.8180,0.744071
munster_munster_000173_000019_leftImg8bit_AOD-Net.jpg,munster_munster_000173_000019_leftImg8bit.png,18.8826,0.832450
